query,timestamp,start_time,end_time,lection,transcription,pred
Равенство в неравенстве Коши-Буняковского,Время: 29:55,1795,1855,линал_лекция_24,а а плюс тб равен нулю означает что а равно минус тб то есть ай б пропорциональны вот это неравенство остановится равенством тогда и только тогда когда векторы айб пропорциональны то есть линензависимы лежат о одной и той же прибой просто отличаются на констант при этом если ну если один из векторов нулевой то просто вот это равно нулю вот это равно нулю и вот это равно нулю а если они оба не нулевые то это сколерное прозвеление но оно либо положительное либо отрицательное и тогда либо вот это будет равенство либо здесь будет либо здесь ну конечно они оба было бы странно если бы были верны оба равенства когда все ненулевое так что вот так хорошо мы знаем когда оно обращается в равенство это нам пригодится на семинаре есть некоторые задачи которые решаются этим путем,"['Время: 29:05', 'Время: 29:55', 'Время: 19:05']"
Свойства ортогонального дополнения,Время: 61:35,3695,3755,линал_лекция_24,это размерность в если взять какое то пространство и дважды взять артегнальное дополнение то получается исходное пространство у это следует из вот этой прямой суммы да потому что ну не совсем на прямую но это следует из вот этого следствия один на самом деле просто ясно что вот это у будет лежать вот в таком дважды артегальном дополнении а точное равенство потому что размерность исходится из вот этой первой вот ну вот третье следствие что каждый вектор можно вот собственно разложить однозначно в сумму какого то вектора из у называется артогальная проекция вектора в на подпространство у и вектора дубль в он называется артурнальная составляющая вектора в относительно у давайте введем для них обозначение это будет опять пр и орт только теперь вектор в проецируется не на один вектор а на целое подпространство сотетственно арторнальное составляющее относительно под пространство вот такая конструкция,"['Время: 60:45', 'Время: 39:05', 'Время: 38:15']"
Определение евклидова пространства,Время: 5:45,345,405,линал_лекция_24,пространство над р никаких больше полей вот только р и все и на нем зафиксирована какая нибудь симметрическая белинейная форма так чтобы она была положительно определена да вот какая нибудь но не совсем какая угодно а положительно определенная то есть в ее эколоническом виде везде плюсики вот такую форму называют слово скалерное произведение а ефклидовое пространство это вот когда в векторном пространстве кто то выбрал такую форму вот она зафиксирована ну вот такая конструкция ефклидового пространство то есть это похоже на обычную например геометрическую плоскость да есть вот векторное пространство сава плоскость и есть функция которая по двум вектором дает число вот скалерное произведение вот утверждается что в принципе в любом пространстве можно выбрать нечто похожее на скалерное произведение по свойствам надо взять положительно определенную форму,"['Время: 5:45', 'Время: 4:55', 'Время: 44:55']"
Длина вектора через скалярное произведение,Время: 12:25,745,805,линал_лекция_24,корень из скалярного квадрата вектор вот пусть кто то взял векторное пространство и на нем зафиксировал конкретное скалерное произведение тогда векторы можно умножать в том числе на себя из результата можно брать корень получается некая величина некая функция от вектора даешь ей вектор она выдает число вот эту функцию называют длина вектор необычный подход но то ли еще будет а что такое угол ну вот есть два вектора возьмите их скалярное произведение разделите на их длины которые уже тут определены и получите то что вы хотели бы чтобы было косинусом угла ну прекрасно это желание легко исполнить давайте назовем углом арк косинус этой величины вот это определение длины угла прежде чем мы продолжим подумайте не вызывает ли это сходу вопросо,"['Время: 12:25', 'Время: 11:35', 'Время: 14:55']"
Проекция вектора на направление,Время: 45:45,2745,2805,линал_лекция_24,вот пусть есть два вектора а и икс можно тогда рассмотреть следующее выражения икс скалярдо умножают на а делит на скалярдо опрезделения а сам на себя и еще умножают на сам вектор а вот эта штука вот это дробь это число она умножается на вектор получается вектор вот это называется это обозначает пр икс на а проекция вектора икс на вектор а мы дальше увидим что это действительно проекция в обычном геометрическом смысле но грубо говоря давайте я сразу упомяну что оно ну действительно похоже на проекцию как минимум уже тем что видно что этот вектор лежит на направлении вектора а то есть вот взяли вектор икс что то с ним сделали получился вектор либо а либо что то вдоль а очень условно я могу нарисовать геометрическую картинку но она пока как бы не доказана,"['Время: 45:45', 'Время: 46:35', 'Время: 63:15']"
Работа процесса Грамма-Шмидта,Время: 51:35,3095,3155,линал_лекция_24,построить там другой базис вот не эти в один вк а новый базис так чтобы это был артоганальный базис артоганальный базис удобнее производить но при этом хочется вот в принципе есть много разных способов построить такой артоганальный байзис вот метод грамма шмита ставит за собой такую дополнительную еще цель строить новые векторы которые будут ответом один за другим последовательно так чтобы на каждом шаге сначала был артоганальный базис линейной оболочки только вектор в один потом векторов в один в два и так далее то есть так чтобы все время получался артоганальный базис извините какого то такого куска такой линейной оболочки порожденной первыми несколькими в чем будет состоять процедура вы берем очередной вектор начнем с первого если он нулевой мы его отбрасываем он не влияет на линейную оболочку,"['Время: 54:55', 'Время: 51:35', 'Время: 50:45']"
Доказательство неравенства треугольника,Время: 18:15,1095,1155,линал_лекция_24,кторов обычно меньше либо равно произведение их длин потому что это произведение длинн на косинусукла ну если вот такой шаг сделать мы еще вернемся к нему сейчас то дальше вот это выражение это полный квадрат под корнем да то есть это корень из квадрата ну и соответственно корень из квадрата это то что под ним только по модулю но это положительное число и так ну не отрицательно так что вот получается модуль длина а плюс длина б вот цепочка равенств и одно неравенство посередине но откуда это неравенство все таки следует да тут есть шаг который мы не обосновали что вот это каверное произведение меньше либо равно вот этого произведению и следующее наше действие это доказать отдельно этот шаг вот неравенство треугольника доказательство несложное но оно опирается на вот это неравенство а вот это неравенство это на свами большое интересное неравенство,"['Время: 18:15', 'Время: 15:45', 'Время: 19:05']"
Определение длины вектора,Время: 14:55,895,955,линал_лекция_24,получается положительное число это есть положительная определенность да если только вектор не нулевый поэтому длине нулевого вектора вот этот скалярный квадрат больше нуля поэтому корень можно извлечь проблемы нет ну корни всегда можно извлечь если привлечь комплексные число но мы как то хотели бы чтобы длина была все таки вещественным числом как то привыкли уже поэтому очень приятное но и что тут всегда все хорошо ну и вот есть такой набор свойств длины что сама длина всегда больше равна нуля причем вот это важный пункт равна нулю только если сам вектор нулевой а для всех остальных векторов длина не нулевая вот свойство что константа выносится за длину но только с модулем если вектор там не знаю умножить на минус три то длина его умножится не на минус три а на три конечно да он станет втрое длиннее и еще торчать будет в другую сторону,"['Время: 12:25', 'Время: 11:35', 'Время: 15:45']"
Ортогональное дополнение множества векторов,Время: 36:35,2195,2255,линал_лекция_24,сорок два тридцать о быстро я как то рассказываю да ну что нибудь придумаем новое определение пусть теперь у некоторо в ифкледовом пространстве есть какое то множество векторов и мы рассмотрим множество всех векторов которые артогадальны к каждому вектору из с да то есть вот тут множество таких векторов что ко всем всем всем векторам из с они артогадальны давайте я нарисую какой нибудь пример в обычном таком трехмерном пространстве вот например представьте себе что с скажем это прямая тогда то есть ну вот вектор такой такой такой вот все векторы лежащие на прямой тогда как выглядит вот это артогадальное дополнение тут можно представить себе такую вот штуку,"['Время: 36:35', 'Время: 38:15', 'Время: 37:25']"
Проекция на подпространство через произвольный базис,Время: 70:45,4245,4305,линал_лекция_24,матрица а вообще говоря прямоугольноя но атраспонирна на а всегда квадратная и вот ее минус первый на атраспонированная на в эту формулу напми когда то назвали формула атата как такое мниманическое правило ну вот тут немножко сложно увидеть атата потому что буквы в каком то неправильном порядке стоят как то атата не очень выходит но тем не менее ну вот такое мнеманическое правило может оно не спм может оно еще тревней не знаю но я больше его нигде не слышал тем не менее вот такая формула докажем я сам не помню есть у меня тут доказательство или нет но вроде есть но с одним нюансом сейчас мы докажем эту формулу с точностью до одной леммы а эту лемму отложим итак лемма будет такая что у матрица ат располнерна,"['Время: 69:55', 'Время: 69:05', 'Время: 62:25']"
Разложение вектора в сумму проекции и ортогональной составляющей,Время: 47:25,2845,2905,линал_лекция_24,это наоборот все что осталось это икс минус проекция то есть вектор икс вы разложили в сумму проекция плюс артогадальная составляющая две перпедикулярные друг другу штуки ну я говорю две прерпедикулярные друг другу штуки но это не следует из этих формул автоматически это как раз надо бы доказать вот утверждение так посчитанная проекция и артогадальная составляющая перпедикулярная друг доказательство возьмем эту формулу и перемножим сколянто произведение друг на друга перемножим вот эту вот вот это выражение на икс минус такое же выражение ну тут минус можно раскрыть скобки да будет икс на ой будет икс на вот эту штуку минус видите вот он минус вот эта штука сама на себя ну ладно тут что получается вот эта штука число его можно вынести за скарянто презедения вот эта штука число можно вынести за скалято позедени,"['Время: 46:35', 'Время: 47:25', 'Время: 59:55']"
Линейная независимость ортогональных векторов,Время: 33:15,1995,2055,линал_лекция_24,и пусть это не нулевые векторы ну потому что нулевой вектор вообще говоря тоже другим артогадален и скалярдо прозедени с ним тоже равно нулю но это неинтересный случай итак есть недулевые векторы каждые два друг с друго артогадальны тогда весь этот набор обязательно линейно независим обязательно удивительный факт казалось бы это вещи никак не связаные понимаете тут скалярдое прозедение а тут линейная независимость это проразные вещи тем не менее утверждается что из одного другое автоматически следует доказательство предположим противное пусть есть какая то линейная зависимость с каким то недулевым коэффициентом альфа ите возьмем тогда еитый вектор и умножим вот эту вот большую штуку скалярда на еито ну и вот этот нулевой вектор скалярдо умножен на еито,"['Время: 33:15', 'Время: 41:35', 'Время: 32:25']"
Перпендикулярность проекции и ортогональной составляющей,Время: 47:25,2845,2905,линал_лекция_24,это наоборот все что осталось это икс минус проекция то есть вектор икс вы разложили в сумму проекция плюс артогадальная составляющая две перпедикулярные друг другу штуки ну я говорю две прерпедикулярные друг другу штуки но это не следует из этих формул автоматически это как раз надо бы доказать вот утверждение так посчитанная проекция и артогадальная составляющая перпедикулярная друг доказательство возьмем эту формулу и перемножим сколянто произведение друг на друга перемножим вот эту вот вот это выражение на икс минус такое же выражение ну тут минус можно раскрыть скобки да будет икс на ой будет икс на вот эту штуку минус видите вот он минус вот эта штука сама на себя ну ладно тут что получается вот эта штука число его можно вынести за скарянто презедения вот эта штука число можно вынести за скалято позедени,"['Время: 47:25', 'Время: 46:35', 'Время: 59:55']"
Проекция через матрицу Ку Ку транспонированная,Время: 68:15,4095,4155,линал_лекция_24,эти правила совпадают ну а теперь получается вот такой столбик вот таких чисел и мы его умножаем на матрицу ку у которой каждый столбик это ешка ну смотрите мы можем эту матрицу ку воспринять блочно как строку ешек ну тогда получается строка на столбец каждая ешка умножается на вот такое число да получается сумма ешек умноженных на вот такие числа но это и есть вот наша формула проекции так что получается вот такая формула проекции чтобы найти проекцию в нужно посчитать куна ку транцпонированное на в ее можно воспринять эту формулу так что есть магическая матрица куна ку транцпонированная и эта матрица делает проекцию вот если есть какое то конкретное под процессо у то можно посчитать специальную матрицу кут ку транцпонированну и после того как вы это посчитали каждый вектор в можно спроецировать на у вот таким одним умножением вот эту готову,"['Время: 68:15', 'Время: 66:35', 'Время: 69:05']"
Определение ортогональности,Время: 31:35,1895,1955,линал_лекция_24,имоконтекстные вот если их сколянное произведение равно нулю вот это таким привычным значком это обозначают то есть еще раз да артоганальные ну ну просто опять это дурацкая ситуация хочется сказать что артоганальные это такое более слово больше из высшей математики а перпедикулярно больше из школьное но это как то глупо так говорить ну потому что ну как бы а зачем они придумали отдельное слово ну там все сложно там какой то исторический процесс тоже шел сначала были одни слова потом другие слова но очень грубо говоря вот в более таких геометрических вопросах продолжают говорить перпедикулярны иногда а вот в более алгепроических говорят артоганальны я постараюсь использовать эти слова ну так сказать естественно вот как они мне на язык ложатся и надеюсь что вслед за мной вы какое то словупотребление почерпнете но в целом в большинстве слоситуаций они взаимозаменяемы а в тех где не взаимозаменяемые слово артогональный будет подходить,"['Время: 30:45', 'Время: 32:25', 'Время: 39:05']"
Упражнение на подсчет ортогонального дополнения,Время: 41:35,2495,2555,линал_семинар_24,я напомню что их конечно бесконечно много есть другие базисы но какое то мы нашли нашли все мы молодцы зачем нам еще какие то главное один нашли вопросы нормально ну вот такая вот процедура поиска базиса артагонального дополнения сводящаяся к тому чтобы решить систему уравнений и все это очень приятно вообще говоря есть другие процедуры как по другому найти но эта процедура столь простая что приятно что ну этого достаточно поэтому можно другие особо не обсуждать ну вот и в принципе это такое философское место что как бы вот т,"['Время: 68:15', 'Время: 53:15', 'Время: 19:05']"
Упражнение на поиск проекции вектора на подпространство,Время: 45:45,2745,2805,линал_семинар_24,такое же у есть разные дубльв этих разных дубльв много и один и тот же вектор вот я могу нарисовать такой же вектор в по разному раскладывается на какой то разный у маленький и разный дубльв маленький но вот среди всех возможных дубльве которые мы могли бы рассмотреть есть один особенный это у эртаганель с каждым подпроцессо у связано одно личное дополняющее его подпроценсто это подпроцесство у артаганеь если зафиксировано скорежное произведение и тогда у каждого вектора появляются два специальных соответствующих ему вектора это проекция пр и артаганальная составляющая орт пр в и орт в вот их мы будем исследовать,"['Время: 44:55', 'Время: 48:15', 'Время: 74:05']"
Упражнение на разложение вектора по ортонормированному базису,Время: 09:05,545,605,линал_семинар_24,ну казалось бы если бы они были мы бы их и рассмотрели раньше когда изучали разложение вектора по базису но вот оказывается что разложение вектора по произвольному базису задача вообще говоря сложная а вот задача разложения вектора по артонорбированному базису задача как ни странно более простая если вам дано что базис артонормированный то можно упростить вычисление давайте посмотрим как ключевой трюк умножение данного равенства на базисный вектор это очень стандартный трюк который нам несколько раз пригодится он уже на лекции пригодился и вот сейчас он тоже еще несколько раз пригодится умножаем на фиксированный вектор например на ф один да слева получается икс на ф один справа получается альфа один на ф один на ф один плюс альфа два на ф один на ф два плюс альфа три на ф один на эф три,"['Время: 9:05', 'Время: 26:35', 'Время: 15:45']"
Упражнение на нахождение базиса ортогонального дополнения,Время: 40:45,2445,2505,линал_семинар_24,нужно написать фундаментальную систему решений значит так сюда двойка сюда минус двойка теперь сюда минус единица и сюда тоже минус единица вот такая фср то есть у артоганальное это пространство решений это множество векторов являющиеся линейными комбинациями вот данных векторов фср ну вот мы его нашли нас просили найти искомый ну соответственно просили найти базис у артоганального вот пожалуйста вот эти два вектора это базис эр базис пространство решений это и есть фср я напомню что их конечно бесконечно много есть другие базисы но какое то мы нашли нашли все мы молодцы зачем нам еще какие то укладыва,"['Время: 37:25', 'Время: 40:45', 'Время: 41:35']"
Поиск ортогональной составляющей через формулу,Время: 50:45,3045,3105,линал_семинар_24,гональные составляющие определенн однозначно поэтому нельзя взять и ну как то передумать что ли да но ничего сделать нельзя какие вышли такие вышли так что вот они вопросы живые хорошо пункт б давайте возьмем еще одну задачу того же типа тоже дано под пространство тоже дан фектор но предлагают найти с помощью вот этой вот формулы атата давайте искать значит как искать начнем вот с этой центральной части вот тут стоит какая то матрица и надо нее минус первую найти вот с этого надо начать ну вот давайте а начнем с того что вспомним что такое матрица матрица а это надо по столбцам записать данный вект,"['Время: 46:35', 'Время: 55:45', 'Время: 48:15']"
Пояснение метода моментов,Время: 3:15,195,255,матстат_семинар_6,плюс игрик эн деленый на н да и мы понимаем что это оценка поскольку знаменатель стремится по вероятности к один на лямда то поэтому эта оценка по вероятности будет стремиться к лямде ну и мой вопрос следующий а является ли лямда с крышкой метода моментов который мы написали несмещенной и б достигает ли она границу крамера рао достигает ли ну при конечном эм да достигает ли этот самый лямда с крышкой метода моментов границу крамера рао нупервое вроде нет второе вроде да ну давайте проверять первое почему нет я согласа,"['Время: 3:15', 'Время: 2:25', 'Время: 19:55']"
Неравенство Йенсена,Время: 10:45,645,705,матстат_семинар_6,и мы использовали неравенство кого кстати неравенство было какое неравенство как оно называлось какое неравенство мы использовали ну скорее для опровержения несмещенности ну тем не менее какое неравенство мы использовали для нелинейных функций ну ладно вообще название я сам вопросто про название не очень люблю у нас было неравенство енсонанеравенство енсона которое говорило что математическое ожидание какой то выпуклой функции от случайной величины да то есть если же выпуклое,"['Время: 10:45', 'Время: 19:05', 'Время: 19:55']"
Информация Фишера,Время: 64:05,3845,3905,матстат_семинар_6,фишера информация фишера одно из определений это дисперсия скор функции дисперсия первой производной правдоподобие то есть дисперсия суммы игрек ит минус н мю эн мю константа на дисперсию не влияет да то есть можно просто зачеркнуть получится дисперсия сумма игрек ит игрики у нас независимы поэтому это дисперсия игрек первого плюс дисперсия игрек второго и так далее дисперсия игрек энного и получается у нас у каждого игрека была какая дисперсия один один согласен поэтому получается просто н ну проверяем да давайте проверим что,"['Время: 64:05', 'Время: 63:15', 'Время: 59:05']"
Формулировка критерия Крамера-Рао,Время: 23:15,1395,1455,матстат_семинар_6,ну и вообще можем задаться вопросом ну давайте сначала это сделаем а потом зададимся вопросом а может ли быть в данном в данной ситуации может ли существовать такая оценка ну поехали мы сказали простой критерий критерий достижимости границы крамеры рао мы сформулировали очень простой критерий который не требует подсчета от ожиданий дисперсии информации фишра мы сформулировали простой критерий да что для того чтобы граница крамеры рао была достигнута тета с крышкой линейна,"['Время: 33:15', 'Время: 23:15', 'Время: 24:05']"
Понятие состоятельности оценки,Время: 7:25,445,505,матстат_семинар_6,ее функция плотности какая то ну она может быть смещенная она может завышать тето а при н равном тысяче она может быть занижает но сейчас попробуй нарисовать что нибудь какой то такой острый пик вот ну вот это идея состоятельности да что с ростом числа наблюдений закон распределения лямда с крышкой сосредоточивается около лямды ой только у меня тут тут лямда тут тето а где та с крышкой я в общем случае пока пишу вот  несмещенность означает скорей что это иллюстрация тето с крышкой нная состоятельная да а несмещенность скорее как проиллюстрировать что я н зафиксировал н фиксирована есть где то тета,"['Время: 4:55', 'Время: 9:05', 'Время: 4:05']"
Критерий линейной зависимости,Время: 24:55,1495,1555,матстат_семинар_6,давайте смотреть получается у нас линейная зависимость тет с крышкой от дель по детета значит наша лямда с крышкой вышла один деленый на игрек средняя давайте посмотрим дэль подетета если они линейно зависимы значит граница крамера достигнута если нет то нет ну поехали значит чтобы найти дель по детета очевидно нам сначала надо найти функцию правдоподобия зададимся сначала вопросом как выглядит совместная функция плотности она же просто функция правдоподобия еще дологорифмирования поскольку у нас наблюдения по условию независимы и экспаненциально распределены то совместная функция,"['Время: 23:15', 'Время: 24:05', 'Время: 33:15']"
Формула правдоподобия при экспоненциальном распределении,Время: 27:25,1645,1705,матстат_семинар_6,обычные функции правдоподобия выглядит как н лог лямда минус лямда на игрек один плюс игрек н и производная д ль поде лямда н деленая на лямда минус игрек один плюс так далее плюс игрек н вот соответственно наша дль поде лямда вот вопрос можно ли то есть вопрос могу ли я выразить лямда с крышкой как линейную функцию от д ль под лямда да с вот вот эти знаки вопроса эти должны эти эти веса должны быть неслучайные константы ну возможно неизвестные они могут содержать неизвестный параметр,"['Время: 25:45', 'Время: 27:25', 'Время: 74:05']"
Доказательство несостоятельности оценки,Время: 40:45,2445,2505,матстат_семинар_6,да можно сказать что это пилим от минус сумма игрек ит деленная на н умноженное на н и у нас пилим от первого сомножителя конечно есть да пилим от минус суммы игрек ит деленная на н и тут вот взять пилим от н да и у меня что получится первый сомножитель у меня выйдет в пределе на что если я складываю и делю на н то какой окажется пилим минус мат ожидание от иа это уйдет на плюс бесконечность да и поэтому это все будет минус бесконечность и это конечно снова не равно никакому лямдо то есть оценка совершенно какая то глупая то есть сама по себе граница крамер рао она говорит если у вас вот мат ожидание известно то ниже этой дисперсии,"['Время: 39:05', 'Время: 4:55', 'Время: 20:45']"
Поиск достаточной статистики,Время: 74:05,4445,4505,матстат_семинар_6,я напомню что мы сказали ну может быть в конце лекции но там вроде оставалось еще время мы сказали что у нас есть теорема неймона фишера о факторизации который говорит что вот если мы нашу функцию правдоподобия представим в виде какой то кусок который зависит только от игреков умножить на какой то кусок который зависит от тета и вот от этой достаточной статистики то вот собственно мы увидим достаточную статистику да вот это вот это т от игрек один игрек два игрек н это достаточная статистика ну давайте посмотрим какую функцию от игреков здесь можно вот,"['Время: 74:05', 'Время: 77:25', 'Время: 72:25']"
Дисперсия оценки для нормального распределения,Время: 58:15,3495,3555,матстат_семинар_6,крестьянский способ он может быть по времени дольше но зато он такой ну совершенно интуитивно понятный надо просто шталет п читал эт посмотрел на неравенство никаких шаманств и шаманских проверок нету ну хорошо поехали считаем дисперсию мюс крышкой это дисперсия от игрек один плюс папа папа папам плюс игрек н деленная на н да один на н с квадратом выносится получается дисперсия игрек один плюс ух жуть плюс дисперсия игрек н дальше мы сказали в условии что каждый игрек имеет нормальное распределение с дисперсиий один да вот это это математическое ожидание от каждого игрек этого а вот это это дисперсия от каждого игрек этого и поэтому получается что каждая дисперсия это просто один вот и поэтому дисперсия,"['Время: 58:15', 'Время: 56:35', 'Время: 64:05']"
Корреляция как аналог косинуса угла,Время: 9:05,545,605,матстат_лекция_6,чайными величинами икс игрек то в каких пределах она может лежать минус один один да конечно минус один один вот ну давайте мы формально докажем то есть мы как бы привели аналогию с коснусом что он получается из сколярного произведения и поэтому то есть коворяция служит сколярным произведением на множество случайных величин и корреляция служит аналогом коснуса угла то есть как бы аналог да корреляция икс игрек это аналог не знаю какой значок поставить потому что тильдочка используется как распределение да ну ак это аналог коснуса угла между викторами там а и б вот поэтому она конечно от минус одного до одного ну формальное доказательство довольно легкое давайте его приведем для полноты здесь если я возьму дисперсию икс плюс,"['Время: 9:05', 'Время: 14:55', 'Время: 8:15']"
Что такое граница Крамера-Рао,Время: 3:15,195,255,матстат_лекция_6,будет фигурировать очень активно поэтому ну логичное место чтобы рассказать это свойство значит у нас лекция лекция шесть граница крамера рао граница крамера рао или рау крамера рау крамер по разному говорят надо там еще добавлять фрише ну в общем название не не так важно о чем это граница она говорит что слишком хороших оценок не бывает что невозможно снизить дисперсию оценки ниже определенной да давайте мы ее сразу запишем интуитивный смысл она говорит что слишком хороших оценок не бывает то есть нельзя снизить дисперсию оценки,"['Время: 3:15', 'Время: 22:25', 'Время: 33:15']"
Формальное определение ковариации,Время: 23:15,1395,1455,матстат_лекция_6,давайте возьмем ковариацию между тета с крышкой и д эль по детета кто помнит какое нибудь определение для ковариации отлично мат ожидание произведений минус произведение мат ожиданий шикарно хорошо ну вот это вот у нас по условию мат ожидания от оценки это какая то функция мат тета нас оценка может быть смещенным а неделю назад мы даже доказали что при выполнении условий регулярности математическое ожидание от дель по дтето чему равно даже на семинаре там использовали это свойство из него выводили мы еще я пытался рисовать как то интуицию говорить что вот если я нахожусь в точке оптимального параметра,"['Время: 23:15', 'Время: 32:25', 'Время: 14:05']"
Пример с распределением Пуассона,Время: 48:15,2895,2955,матстат_лекция_6,или за несколько фиксированно количество единицы времени оно имеет распределение пласона вот и соответственно папа папа папа пам папа пам пам какое было математическое ожидание у игрик итого какая у нас дисперсия у игрика итого помнит ли кто то для пласона они очень прикольные да да причем лямда и там и там да и то и то лямда все все все нормально да да вот ну все теперь мы можем значит ответить на вопрос а посчитать математическое ожидание от лямда с крышкой это математическое ожидание от игрек один плюс игрек н деленное на н соответственно это математическое ожидание от игрек один,"['Время: 47:25', 'Время: 77:25', 'Время: 45:45']"
Когда достигается граница Крамера-Рао,Время: 44:05,2645,2705,матстат_лекция_6,овсем прикольно что граница крамера рао достигается тогда и только тогда когда оценка тета с крышкой линейно выражается через скор функцию через первую производную правдоподобие да и вот это уже зачастую очень легко проверить да потому что не надо то есть заметьте что если здесь кажется что ой чтобы проверить это условие надо найти мштрих по тета производную взять да информацию фишера надо найти а информация фишера боже матожидание это какой нибудь минус второй производный вот еще дисперсию тет с крышкой почитать еще проверить что они равны да оп а оказывается надо просто посмотреть на первую производную посмотреть выражается ли тет с крышкой через первую производную линейной или не линейной вот вот это совсем быстро проверять это легко легко проверить ну вот это тоже можно как бы посчитать дисперсию почитать эту почитать эту почитать три величины поставить в дробь посмотреть равны ли,"['Время: 46:35', 'Время: 49:55', 'Время: 39:55']"
Смысл информации Фишера,Время: 36:35,2195,2255,матстат_лекция_6,оправдывает название концепции информации фишер да почему она информация да вот она обратно к дисперсии чем информация фишера больше тем ниже можно снизить дисперсию да что нам здесь еще нужно знать а ну наверное нужно еще вспомнить какой то быстрый критерий проверки да да и и и смотрите что получается еще поскольку мы неделю назад ну мы правда конечно не доказывали это утверждение мы его просто сформулировали мы доказали что при выполнении условий регулярности дисперсия тет с крышкой метода максимального правдоподобия умножить на информацию да то есть мы доказали что при регулярной функции правдоподобия дисперсия тет с крышкой максимальное правдоподобие ноже но информацию фише стремится к одному то есть получается мало того что гля,"['Время: 35:45', 'Время: 19:05', 'Время: 36:35']"
Формулировка теоремы Наймана — Фишера,Время: 72:35,4345,4405,матстат_лекция_6,то говорит это определение это определение говорит что вот если мы знаем т то тогда единственная случайность которая остается в выборке с нашей точки зрения это случайность не связанная с параметром то есть это означает что выборка для нас просто не несет никакой дополнительной информации по сравнению с параметром т ой по сравнению с параметром т та так это значит было определение ну давайте мы наверное сегодня за пять восемь там семь оставшихся минут сформулируем теорему может быть мы уже тогда посможем на семинаре порешать а потом мы ее докажем да значит и теорема неймона пирсона нет неймона неймена фишера не пирсона наймено фишера теорема неймон фишер о,"['Время: 76:35', 'Время: 73:15', 'Время: 74:05']"
Как проверить достаточность статистики,Время: 79:55,4795,4855,матстат_лекция_6,ходится в степени игрек один плюс игрек два плюс и так далее плюс игрек н да давот и получается что чтобы знать вот это вот б да б от тта и т да какую функцию от игреков мне надо знать да мне не надо знать что игрек первый равен трем да чтобы найти вот этот кусочек б да что какую функцию от игреков мне надо знать сумму игреков да поэтому получается что здесь вот такая величина т от игрек один игрек н равное игрек один плюс и так далее плюс игрек н это достаточная статистика так исти ка и действительно если я буду,"['Время: 76:35', 'Время: 75:45', 'Время: 74:05']"
Несмещенность как условие минимальной дисперсии,Время: 35:45,2145,2205,матстат_лекция_6,то математическое ожидание от тет с крышкой больше либо равно ой ой ой ой ой дисперсия то дисперсия тет с крышкой больше либо равно один деленная на информацию фишера вот мы доказали соответственно получается что смотрите значит что мы доказали мы доказали ну для несмещенной например оценки мы доказали что один делить на информацию фишера задает вообще для любой оценки ниже несмещенной оценки да ниже дисперсию не снизишь то есть действительно а это как бы лишний раз оправдывает название концепции информации фишер да почему она информация да вот она обратно к дисперсии чем информация фишера больше,"['Время: 38:15', 'Время: 35:45', 'Время: 40:45']"
Вывод формулы границы Крамера-Рао,Время: 33:15,1995,2055,матстат_лекция_6,д па дет эта от математического ожидания от тета с крышкой это ковариация ну или в данном случае получается производная от м о тет с крышкой мы сказали что математическое ожидание у нее какое то произвольное ой ей ой йей здесь крышка не нужна да па дет эта ну и соответственно у нас получается такая официальная граница крамеры рау как ее пишут в учебнике давайте мы ее напишем граница крамеры раузначит граница крамеры рау у нас получается пупу пупупупппппппупум что дисперсия,"['Время: 22:25', 'Время: 3:15', 'Время: 44:05']"
Предел по Коши и Гейне,Время: 39:05,2345,2405,матан_лекция_12,ну двигаемся дальше раз у нас поилась функция нам нужен предел функции определение значит число а комплексно естественно называется пределом функции ф в точке зет ноликовой так давайте я помечу ну всякие наши формальности что эф должна быть определена определена в некоторой проколотой окрестности точки в некоторой проколотой окрестности точки зет ноликовой ну чтобы мы там что то что то было в окрестности значит называется пределом покаши,"['Время: 40:45', 'Время: 43:15', 'Время: 21:35']"
Условия Коши-Римана,Время: 55:45,3345,3405,матан_лекция_12,есть это наша теорема первая первая теорема в этом модуле теорема называется условия каширимана итак эф является цедифференцируемый точки зет ноликовое тогда или только тогда когда ф является рдифференцируемый точки зет ноликовое и выполняется условия каширимона вот дополнительное условия выполняется условия каширимана они выглядят так частное производное поу точке икс ноликовой или к ноликовое равняется частный производной в п,"['Время: 55:45', 'Время: 71:35', 'Время: 63:15']"
Пример: предел функции z сопряженное,Время: 53:15,3195,3255,матан_лекция_12,в нуле в нуле ноль поделить на зет минус точка ноль и зет стремится к точке к нулю то есть смотрим предел зет сопряженного поделить на зет как такие пределы считаются поскольку мы все время так говорим ну понятно по аналогии с тем как было на первом курсе по аналогии с тем как был на первом курсе у нас зет это функция двух переменных представим ее через эрэфи через полярные координаты если вы вспомните как вы наверняка делали когда вы рассматривали функцию н двух переменных или трех ну на двух обычно смотрят и вас вы вас учили найти предел или доказать что его нет наверняка вы там смотрели по разным направлениям что то такое но можно было перейти например к полярным координатам и в полярных координатах посмотреть ну что переходим в полярные координаты,"['Время: 53:15', 'Время: 52:25', 'Время: 23:15']"
Предел последовательности комплексных чисел,Время: 11:35,695,755,матан_лекция_12,последовательности зет эннае зет нные каждое комплекстное число да н натуральное числа если для любого эпсун больше нуля существует номер начиная с которого зет нны минус зет ноликово меньше эпсон такое же определение как было и раньше ничего нового не появилось на картинке вот наша плоскость комплексная вот у нас там какие то зет нны тын тын тын тын тын тын тнттуттутутутн вот они там кучкуются около зет ноликова есть подозрение что это предел также как было на первом курсе но поскольку мы сейчас на плоскости то можно говорить о последовательности точек каждый из которых имеет две координаты но с такими бы тоже стал,"['Время: 10:45', 'Время: 11:35', 'Время: 22:25']"
Умножение комплексных чисел в экспоненциальной форме,Время: 09:05,545,605,матан_лекция_12,части складываются отдельно мнимы части складываются отдельно ну разность понятно тоже самое что можем еще умножать умножение зед один умножить на зет два если мы берем вот такую запись лагеброическую то это скобка на скобку и раскрывается скобки по всем правилам привычным с учетом что их в квадрате дает минус один но удобнее в на самом деле через экспоненту записывать давайте тут введу эр один на ие и фи один и эр два на е и фи два модули перемножаются углы складываются собственно тоже самое мы перемножаем по обычным правилам экспонента да степени складываются как обычно соответственно углы складываются,"['Время: 9:05', 'Время: 9:55', 'Время: 7:25']"
Аргумент комплексного числа и его особенности,Время: 04:05,245,305,матан_лекция_12,зет представляет как р на осинус фи плюс и синус фи значит р это модуль числа зет который считается как корень из икс квадрат плюс игрек квадрат ну вот тот та самая длина вектора который я нарисован и фи аргумент вектора зет это угол вот этот вот фи он может высчитываться через арктангенс ну вот у меня как нарисован там игрек высота вертикальный катит так скажем икс горизонтальный катит ну и там арктангенс игрек игрик на икс например но это если он в первой четверти если он на другой четверти ну надо по картинке геометрии просто там может быть прибавить угол пи или выч,"['Время: 19:55', 'Время: 3:15', 'Время: 31:35']"
Формула Муавра,Время: 09:55,595,655,матан_лекция_12,мы перемножаем п по обычным правилам экспонента да степени складываются как обычно соответственно углы складываются так ну деление это обратное действие к умножению не буду записывать может быть только еще формулу муавра запишу вам напомнить формула муавра если мы возводим в енную степень то модуль числа возводится в эту степень ну и экспонента это я не буду здесь сейчас писать сразу через трегометрической записи угол тоже умножается да не возводится степень умножается на эн пнюс и минус н фи ну аналогично деление ну если мы там на семинаре повторим деление не деление увлечение корни извлучение,"['Время: 9:55', 'Время: 9:05', 'Время: 34:55']"
Понятие голоморфности,Время: 76:35,4595,4655,матан_лекция_12,у этого слова которое мы будем постоянно использовать в основном его будем использовать есть обозначение ф принадлежит такой о с заветушкой точке зетноликовая оо красивая ат зетноликая и но сразу на множестве функция ф называется голоморфный некотором на на некотором множестве д чаще всего это некоторое открытое множество наши кружочки вот эти вот все если ну если она голоморфна в каждой точке голоморфна в каждой точке множетство д ну и обозначение,"['Время: 75:45', 'Время: 77:25', 'Время: 78:15']"
Определение непрерывности,Время: 42:25,2545,2605,матан_лекция_12,тоже определение ну да может быть стоит ну в принципа мы это сделали для последовательсот да что отдельная действительная часть стремится действительно мнимой к нимой ладно не будем на это отвлекаться определение непрерывности значит функция ф называется непрерывный в точке зет ноликовые опять же так формально потребуем чтобы функция была определена в окрестности эф определена и некоторые окрестности точки зет ноликов включая зет ноликову если предел функции в этой точке есть значение в этой точке,"['Время: 42:25', 'Время: 43:15', 'Время: 41:35']"
"Свойства голоморфной функции: сумма, произведение, частное",Время: 80:45,4845,4905,матан_лекция_12,свойства дифференцирувемости дифференцируенность берем из прошлого мира да по аналогии все тоже самое как было раньше доказывается повторять не будем ссылаемся что уже все понятно и частное тоже тоже самое но за исключением да тех точек где мы делим на ноль на ноль делить нельзя пока что значит отношение тоже голомохны либо да дифференцируемо во всех точках где знаменатель не обнуляется причем выполняются все те свойства которые которые нам были известны ну например что производно от суммы разности это сумма разность производных константу можно выносить,"['Время: 79:55', 'Время: 9:05', 'Время: 75:45']"
Смысл комплексной производной,Время: 44:05,2645,2705,матан_лекция_12,дифференцируемость функции комплекстного переменного о начнем опять с определения начнем опять с напрашивающееся определение которое да ничего нового не дает как бы значит функция ф называется я тут оставлю пробел потому что я к нему потом вернусь дифференцируемый в точке зет ноликовы ну опять она определена в окрестности если существует предел эф от зет минус ф от зет ноликовое поделить на зет минус зет ноликовое когда зет стремится к зет ноликам такой же поаналогии да с,"['Время: 72:25', 'Время: 65:45', 'Время: 73:15']"
Пример: предел функции через полярные координаты,Время: 54:05,3245,3305,матан_лекция_12,смотрели по разным направлениям что то такое но можно было перейти например к полярным координатам и в полярных координатах посмотреть ну что переходим в полярные координаты когда р стремится к нулю наш длина нашего вектора стремятся к нулю здесь р е минус и фи это я сразу сопряжение делаю да сама зет внизу пишу р е и фи сопряженной р е минус и фи да угол меняется р сокращается экспоненты становятся две штуки они от р не зависят поэтому предел е минус два и фи и ответ зависит от фи то есть при одном угле в одном направлении мы пойдем получим одно значение пойдем при другом фи в другом направлении получим второе значение в третьем третье короче говоря предела нет а если,"['Время: 53:15', 'Время: 54:05', 'Время: 39:05']"
Свойства синуса и косинуса в комплексном мире,Время: 30:45,1845,1905,матан_семинар_12,думать про экспоненты про синус про косинус они больше не работают например синус и косинус больше не являются ограниченными функциями помните у нас там мы привыкли в дерехле еще где то ну там или в пределах да ну бесконечно малы наограниченну и все у нас очень хорошо засело в голове что синус и косинус ограниченные функции ну вот в комплексном мире это не так они больше не являются ограниченными почему поясняю давайте у нас зет разные пойдем по манимыоси вниз например можно вверх я хочу вниз например посмотрим на косинус неважно синус к там синус понимо единицы ознанатель не хочу чтобы вы на нее еще отквлекались так и и игрек минус игрек а тут плюс игрек,"['Время: 30:45', 'Время: 29:55', 'Время: 31:35']"
Периодичность экспоненты,Время: 34:05,2045,2105,матан_семинар_12,проверяем ну как проверяетс да добавляется два пи и споминается определение ну у нас ничего кроме определения нет поэтому мы просто подставляем определение и проверяем е икс на косинус игрек плюс два пи плюс и синус игрек плюс два это все что да при и у меня я тут угл пишу синус и косинусы которые тут это наши те которые действительно значные обычные синус и косинусы у них период два пи по прежнему соответственно там сокращается и у нас появляется обычное езет то есть что прибавили два пи что не прибавили ничего не поменялось то есть правда период из определения косинусы и синуса да можно по сколько там это работает,"['Время: 33:15', 'Время: 35:45', 'Время: 50:45']"
Определение комплексной экспоненты,Время: 29:05,1745,1805,матан_семинар_12,точки равно еще там расстояние ну в общем поглядите там может быть интересно если вы не любите геометрию тогда можете не смотреть туда мы переходим к функциям развлеклись теперь функция значит вожу определение комплексны экспонента да зет у нас икс плюс и игрек е икс косинус игрек плюс и синус игрек это вот прям берем за определение и ничего не придумываем вот так функция определяется экспонента через экспоненту определяется синус и косинус если вы помните мы этот какой там минус синус и косинус действительного переменного выражали через комплексную экспоненту были форму,"['Время: 29:05', 'Время: 29:55', 'Время: 52:25']"
Геометрический смысл модуля разности,Время: 14:55,895,955,матан_семинар_12,расстояние между двумя точками это и есть расстояние расстояние между точками зет и зэт нолика не отходя к к окружностям и так далее и это расстояние должно быть р если у нас от заданные точки точки должны быть на расстоянии заданного заданного числа это окружность просто по определенное окружности да это множество точек равно удаленных от заданной на некоторое число так вот значит в нашем случае у нас есть точка один плюс и один и вот он один плюс и и четыре радиус я условно его нарисую вот эта окружность есть геометрическое место точек,"['Время: 24:05', 'Время: 18:15', 'Время: 59:05']"
Корень из комплексного числа,Время: 9:05,545,605,матан_семинар_12,корень пятой степени из минус четыре плюс три и история какая начиная опять с числа под корнем нам надо его тоже представить в таком же виде значит модуль числа минус четыре в квадрате плюс три в квадрате да шестнадцать плюс девять двадцать пять пять пять на е и угол ну опять я предлагаю картинку они будут понятны минус четыре где то тут три и где то тут вот наша точка вот наш вектор угол вот он наш угол но какой угол я могу посчитать я могу в треугольнике посчитать вот этот могу посчитать вот это вот альфа он арктангенс три четвертых противолежащий катит к паролежайшему,"['Время: 2:25', 'Время: 3:15', 'Время: 10:45']"
Смысл логарифма комплексного числа,Время: 54:55,3295,3355,матан_семинар_12,целое число что мы сделали мы решили уравнение экспонента равно числу то есть мы нашли обратную функцию к экспоненте мы это еще раз аккуратно сделаем на лекциях сейчас просто введем понятие логорифма лагорифму вот такой в т большой буковкой л с большой и вот он прямо вот комплексный такого не было у вас раньше и он равен вот этому лагорифму надо взять модуля числа модуля его аргумента плюс и аргумент этого самого дубльв и периода то есть большой лагорифм это куча функций на самом деле не одна так бывает обратная функция не всегда единственна помните у парабл икс квадрат у нее вообще то есть корень из икс и есть минус корень из икс для одной ветви одна обратная функция для другой ветви другая обратная функция у нее две обратно,"['Время: 54:55', 'Время: 54:05', 'Время: 67:25']"
Решение уравнения sin(z) - cos(z) = 2,Время: 39:55,2395,2455,матан_семинар_12,минус зет равно двум решить уравнение если б это было сексом а не зет да вам бы любой школьник сказал бы что решений нет очевидно не могут синус ну да чуть чуть подумать ну в общем не могут синус и косинус в сумме давать или даже их разность давать два два корень из двух максимум что они могут давать а у нас все теперь может у нас синус может и больше единицы быть и и три и четыре и пять а как решать то что с этим делать определение у нас синус и косинус выражается через экспонент выражаем через экспоненту решаем уравнение относительно этой самой экспоненты как это происходит значит берем подставляем определение две и зет минус е минус и зет на два и это синус минус е и зет плюс е минус и,"['Время: 39:55', 'Время: 39:05', 'Время: 36:35']"
Решение квадратного уравнения с комплексными коэффициентами,Время: 43:15,2595,2655,матан_семинар_12,можно пользоваться даже дискриминантом на четыре если вам нравится пользоваться мне нравится но я наверное в этой задаче чтобы никого не смущать не буду на четыре но можно так дискреминат значит минус четыре в квадрате то что при т минус четыре то что при т квадрат и то что вообще снаружи что без т так ну вот здесь вот да надо умножать возводить в квадрат справимся я думаю значит шестнадцать и и минус шестнадцать там минус минус внесу четыре и один минус и на один плюс и разность квадратов тоже можно пользоваться будет один с один два я подумала что может я так слишком лихо посчитал давайте я еь распишу что я имела в виду на всякий случай один в квадрате минус и в квадрате,"['Время: 41:35', 'Время: 51:35', 'Время: 13:15']"
Упражнение на выражение синуса через экспоненту,Время: 39:55,2395,2455,матан_семинар_12,минус зет равно двум решить уравнение если б это было сексом а не зет да вам бы любой школьник сказал бы что решений нет очевидно не могут синус ну да чуть чуть подумать ну в общем не могут синус и косинус в сумме давать или даже их разность давать два два корень из двух максимум что они могут давать а у нас все теперь может у нас синус может и больше единицы быть и и три и четыре и пять а как решать то что с этим делать определение у нас синус и косинус выражается через экспонент выражаем через экспоненту решаем уравнение относительно этой самой экспоненты как это происходит значит берем подставляем определение две и зет минус е минус и зет на два и это синус минус е и зет плюс е минус и,"['Время: 29:55', 'Время: 30:45', 'Время: 39:55']"
Упражнение на мнимую степень мнимой единицы,Время: 67:25,4045,4105,матан_семинар_12,ну чтобы просто понять что вообще написано что там вот пункция мнимая единица в степени мнимоя единицы это вообще что как это понимать ну вот как обычно какая то непонятная штука в степени непонятной штуки мы переходили всегда так делаем переходим к лагорифму но теперь у нас лагорифм комплексный и большой как обычно ф ж а б ну смысли неважно функции не функции так вот это е и на большой лагорифм и а дальше все понятно большой лагорифм и считаем это лагорифм модуля и плюс что ж такое плюс и на аргумент и плюс периоды два и ,"['Время: 69:05', 'Время: 69:55', 'Время: 37:25']"
